{
    "test_prompt_ids": "0",
    "mean_results": {
        "ndcg@1": 0.0052,
        "ndcg@3": 0.007914231408571499,
        "ndcg@5": 0.008740525524047202,
        "ndcg@10": 0.00935982568651237,
        "hit@3": 0.01,
        "hit@5": 0.012,
        "hit@10": 0.0138
    },
    "min_results": {
        "ndcg@1": 0.0052,
        "ndcg@3": 0.007914231408571499,
        "ndcg@5": 0.008740525524047202,
        "ndcg@10": 0.00935982568651237,
        "hit@3": 0.01,
        "hit@5": 0.012,
        "hit@10": 0.0138
    },
    "max_results": {
        "ndcg@1": 0.0052,
        "ndcg@3": 0.007914231408571499,
        "ndcg@5": 0.008740525524047202,
        "ndcg@10": 0.00935982568651237,
        "hit@3": 0.01,
        "hit@5": 0.012,
        "hit@10": 0.0138
    },
    "all_prompt_results": [
        {
            "ndcg@1": 0.0052,
            "ndcg@3": 0.007914231408571499,
            "ndcg@5": 0.008740525524047202,
            "ndcg@10": 0.00935982568651237,
            "hit@3": 0.01,
            "hit@5": 0.012,
            "hit@10": 0.0138,
            "CC": 0,
            "H": 8.600418303555307,
            "TTR": 0.00924
        }
    ]
}