{
    "test_prompt_ids": "0",
    "mean_results": {
        "ndcg@1": 0.0054,
        "ndcg@3": 0.00834041735928579,
        "ndcg@5": 0.00959738803283489,
        "ndcg@10": 0.010245462479361861,
        "hit@3": 0.0106,
        "hit@5": 0.0136,
        "hit@10": 0.0156
    },
    "min_results": {
        "ndcg@1": 0.0054,
        "ndcg@3": 0.00834041735928579,
        "ndcg@5": 0.00959738803283489,
        "ndcg@10": 0.010245462479361861,
        "hit@3": 0.0106,
        "hit@5": 0.0136,
        "hit@10": 0.0156
    },
    "max_results": {
        "ndcg@1": 0.0054,
        "ndcg@3": 0.00834041735928579,
        "ndcg@5": 0.00959738803283489,
        "ndcg@10": 0.010245462479361861,
        "hit@3": 0.0106,
        "hit@5": 0.0136,
        "hit@10": 0.0156
    },
    "all_prompt_results": [
        {
            "ndcg@1": 0.0054,
            "ndcg@3": 0.00834041735928579,
            "ndcg@5": 0.00959738803283489,
            "ndcg@10": 0.010245462479361861,
            "hit@3": 0.0106,
            "hit@5": 0.0136,
            "hit@10": 0.0156,
            "CC": 0,
            "H": 8.779272601930693,
            "TTR": 0.00933
        }
    ]
}