{
    "test_prompt_ids": "0",
    "mean_results": {
        "ndcg@1": 0.006,
        "ndcg@3": 0.009218975211428665,
        "ndcg@5": 0.010294910511580635,
        "ndcg@10": 0.010490631580932483,
        "hit@3": 0.0116,
        "hit@5": 0.0142,
        "hit@10": 0.0148
    },
    "min_results": {
        "ndcg@1": 0.006,
        "ndcg@3": 0.009218975211428665,
        "ndcg@5": 0.010294910511580635,
        "ndcg@10": 0.010490631580932483,
        "hit@3": 0.0116,
        "hit@5": 0.0142,
        "hit@10": 0.0148
    },
    "max_results": {
        "ndcg@1": 0.006,
        "ndcg@3": 0.009218975211428665,
        "ndcg@5": 0.010294910511580635,
        "ndcg@10": 0.010490631580932483,
        "hit@3": 0.0116,
        "hit@5": 0.0142,
        "hit@10": 0.0148
    },
    "all_prompt_results": [
        {
            "ndcg@1": 0.006,
            "ndcg@3": 0.009218975211428665,
            "ndcg@5": 0.010294910511580635,
            "ndcg@10": 0.010490631580932483,
            "hit@3": 0.0116,
            "hit@5": 0.0142,
            "hit@10": 0.0148,
            "CC": 0,
            "H": 8.623026416758371,
            "TTR": 0.00926
        }
    ]
}