{
    "test_prompt_ids": "0",
    "mean_results": {
        "ndcg@1": 0.023,
        "ndcg@3": 0.026897533063571524,
        "ndcg@5": 0.02798223311389127,
        "ndcg@10": 0.028718403026279322,
        "hit@3": 0.0298,
        "hit@5": 0.0324,
        "hit@10": 0.0348
    },
    "min_results": {
        "ndcg@1": 0.023,
        "ndcg@3": 0.026897533063571524,
        "ndcg@5": 0.02798223311389127,
        "ndcg@10": 0.028718403026279322,
        "hit@3": 0.0298,
        "hit@5": 0.0324,
        "hit@10": 0.0348
    },
    "max_results": {
        "ndcg@1": 0.023,
        "ndcg@3": 0.026897533063571524,
        "ndcg@5": 0.02798223311389127,
        "ndcg@10": 0.028718403026279322,
        "hit@3": 0.0298,
        "hit@5": 0.0324,
        "hit@10": 0.0348
    },
    "all_prompt_results": [
        {
            "ndcg@1": 0.023,
            "ndcg@3": 0.026897533063571524,
            "ndcg@5": 0.02798223311389127,
            "ndcg@10": 0.028718403026279322,
            "hit@3": 0.0298,
            "hit@5": 0.0324,
            "hit@10": 0.0348,
            "CC": 0,
            "H": 8.949871693548566,
            "TTR": 0.00934
        }
    ]
}