{
    "test_prompt_ids": "0",
    "mean_results": {
        "ndcg@1": 0.0452,
        "ndcg@3": 0.04975464876785726,
        "ndcg@5": 0.0518554430572176,
        "ndcg@10": 0.05285208336587845,
        "hit@3": 0.053,
        "hit@5": 0.058,
        "hit@10": 0.061
    },
    "min_results": {
        "ndcg@1": 0.0452,
        "ndcg@3": 0.04975464876785726,
        "ndcg@5": 0.0518554430572176,
        "ndcg@10": 0.05285208336587845,
        "hit@3": 0.053,
        "hit@5": 0.058,
        "hit@10": 0.061
    },
    "max_results": {
        "ndcg@1": 0.0452,
        "ndcg@3": 0.04975464876785726,
        "ndcg@5": 0.0518554430572176,
        "ndcg@10": 0.05285208336587845,
        "hit@3": 0.053,
        "hit@5": 0.058,
        "hit@10": 0.061
    },
    "all_prompt_results": [
        {
            "ndcg@1": 0.0452,
            "ndcg@3": 0.04975464876785726,
            "ndcg@5": 0.0518554430572176,
            "ndcg@10": 0.05285208336587845,
            "hit@3": 0.053,
            "hit@5": 0.058,
            "hit@10": 0.061,
            "CC": 0,
            "H": 7.147054765079764,
            "TTR": 0.00649
        }
    ]
}